,predictions,file_names
0,fearful,1061_IEO_FEA_LO.wav
1,fearful,1049_IOM_FEA_XX.wav
2,fearful,1044_ITS_HAP_XX.wav
3,fearful,1053_WSI_ANG_XX.wav
4,happy,1030_TSI_HAP_XX.wav
5,fearful,1060_WSI_FEA_XX.wav
6,fearful,1046_IOM_FEA_XX.wav
7,happy,1024_IWW_FEA_XX.wav
8,fearful,1021_DFA_HAP_XX.wav
9,happy,1056_IWL_HAP_XX.wav
10,fearful,1067_WSI_HAP_XX.wav
11,fearful,1075_MTI_HAP_XX.wav
12,happy,1033_DFA_HAP_XX.wav
13,happy,1071_IWL_HAP_XX.wav
14,fearful,1040_IWL_ANG_XX.wav
15,fearful,1041_TSI_FEA_XX.wav
16,fearful,1045_DFA_FEA_XX.wav
17,happy,1043_MTI_FEA_XX.wav
18,fearful,1015_TAI_FEA_XX.wav
19,happy,1082_ITS_HAP_XX.wav
20,angry,1036_IWL_ANG_XX.wav
21,happy,1056_IEO_HAP_MD.wav
22,happy,1014_IEO_HAP_MD.wav
23,angry,1011_IOM_ANG_XX.wav
24,happy,1003_IOM_FEA_XX.wav
25,angry,1015_IEO_ANG_LO.wav
26,happy,1012_TAI_ANG_XX.wav
27,happy,1042_WSI_FEA_XX.wav
28,angry,1085_TSI_ANG_XX.wav
29,angry,1081_MTI_ANG_XX.wav
30,happy,1019_MTI_FEA_XX.wav
31,angry,1019_IOM_FEA_XX.wav
32,fearful,1007_DFA_FEA_XX.wav
33,happy,1090_ITH_HAP_XX.wav
34,fearful,1007_IEO_FEA_LO.wav
35,fearful,1070_TSI_ANG_XX.wav
36,happy,1088_TAI_ANG_XX.wav
37,happy,1068_TIE_FEA_XX.wav
38,happy,1078_MTI_HAP_XX.wav
39,fearful,1062_TSI_HAP_XX.wav
40,happy,1023_ITH_HAP_XX.wav
41,angry,1013_IOM_ANG_XX.wav
42,fearful,1078_DFA_FEA_XX.wav
43,fearful,1073_IWW_FEA_XX.wav
44,fearful,1037_ITH_FEA_XX.wav
45,angry,1063_ITS_ANG_XX.wav
46,happy,1006_TIE_ANG_XX.wav
47,angry,1041_WSI_ANG_XX.wav
48,fearful,1086_IWL_FEA_XX.wav
49,angry,1028_MTI_ANG_XX.wav
50,angry,1067_TAI_ANG_XX.wav
51,fearful,1081_DFA_HAP_XX.wav
52,fearful,1040_DFA_FEA_XX.wav
53,fearful,1007_ITS_FEA_XX.wav
54,happy,1002_MTI_HAP_XX.wav
55,fearful,1087_IEO_FEA_LO.wav
56,angry,1015_IOM_HAP_XX.wav
57,angry,1048_IWW_ANG_XX.wav
58,angry,1068_IWW_HAP_XX.wav
59,fearful,1070_IEO_FEA_HI.wav
60,happy,1068_IOM_HAP_XX.wav
61,happy,1043_MTI_HAP_XX.wav
62,happy,1055_TAI_HAP_XX.wav
63,happy,1018_WSI_HAP_XX.wav
64,happy,1024_IWW_ANG_XX.wav
65,fearful,1062_ITH_FEA_XX.wav
66,happy,1061_TIE_HAP_XX.wav
67,fearful,1081_MTI_HAP_XX.wav
68,angry,1053_MTI_ANG_XX.wav
69,fearful,1083_MTI_HAP_XX.wav
70,fearful,1058_IEO_FEA_LO.wav
71,fearful,1087_IWW_HAP_XX.wav
72,angry,1064_TIE_ANG_XX.wav
73,happy,1024_IWL_HAP_XX.wav
74,happy,1051_IWW_ANG_XX.wav
75,fearful,1067_ITH_FEA_XX.wav
76,happy,1005_TSI_ANG_XX.wav
77,happy,1033_WSI_HAP_XX.wav
78,fearful,1017_IEO_FEA_MD.wav
79,fearful,1041_ITS_FEA_XX.wav
80,fearful,1033_TIE_FEA_XX.wav
81,angry,1089_MTI_ANG_XX.wav
82,angry,1019_IEO_ANG_LO.wav
83,angry,1048_ITS_HAP_XX.wav
84,happy,1003_WSI_HAP_XX.wav
85,happy,1049_MTI_HAP_XX.wav
86,angry,1022_TSI_ANG_XX.wav
87,angry,1060_IOM_ANG_XX.wav
88,fearful,1013_WSI_FEA_XX.wav
89,happy,1022_IWL_HAP_XX.wav
90,happy,1018_ITS_FEA_XX.wav
91,happy,1063_MTI_HAP_XX.wav
92,happy,1076_IOM_ANG_XX.wav
93,angry,1061_WSI_ANG_XX.wav
94,fearful,1036_IWW_FEA_XX.wav
95,happy,1083_IWL_ANG_XX.wav
96,happy,1017_MTI_ANG_XX.wav
97,angry,1001_TSI_FEA_XX.wav
98,angry,1062_DFA_ANG_XX.wav
99,happy,1015_IOM_ANG_XX.wav
100,angry,1082_IOM_ANG_XX.wav
101,fearful,1071_TIE_FEA_XX.wav
102,fearful,1031_TSI_ANG_XX.wav
103,fearful,1074_IEO_ANG_LO.wav
104,angry,1019_TAI_ANG_XX.wav
105,fearful,1025_TSI_FEA_XX.wav
106,angry,1010_IEO_FEA_HI.wav
107,happy,1071_DFA_HAP_XX.wav
108,happy,1076_ITH_ANG_XX.wav
109,happy,1004_TSI_ANG_XX.wav
110,happy,1066_IWW_HAP_XX.wav
111,angry,1086_TSI_ANG_XX.wav
112,fearful,1070_ITS_FEA_XX.wav
113,angry,1091_IEO_ANG_HI.wav
114,happy,1044_IEO_FEA_HI.wav
115,angry,1079_IEO_ANG_HI.wav
116,happy,1065_ITH_FEA_XX.wav
117,happy,1042_TIE_HAP_XX.wav
118,angry,1041_DFA_ANG_XX.wav
119,angry,1036_DFA_ANG_XX.wav
120,happy,1039_ITS_HAP_XX.wav
121,fearful,1081_TIE_FEA_XX.wav
122,angry,1032_ITH_ANG_XX.wav
123,happy,1020_IEO_HAP_MD.wav
124,happy,1047_TSI_FEA_XX.wav
125,fearful,1038_TSI_ANG_XX.wav
126,angry,1080_IEO_ANG_HI.wav
127,fearful,1036_IWW_HAP_XX.wav
128,angry,1082_MTI_ANG_XX.wav
129,fearful,1003_WSI_FEA_XX.wav
130,happy,1047_IWW_HAP_XX.wav
131,fearful,1005_IOM_FEA_XX.wav
132,happy,1037_IWW_HAP_XX.wav
133,fearful,1057_TSI_FEA_XX.wav
134,fearful,1067_MTI_ANG_XX.wav
135,happy,1066_TAI_HAP_XX.wav
136,happy,1076_IEO_ANG_LO.wav
137,fearful,1016_IWL_HAP_XX.wav
138,happy,1045_IOM_FEA_XX.wav
139,happy,1077_IEO_HAP_LO.wav
140,happy,1052_IWW_FEA_XX.wav
141,happy,1080_IOM_FEA_XX.wav
142,angry,1070_IEO_FEA_MD.wav
143,fearful,1027_IEO_HAP_LO.wav
144,fearful,1033_IWL_FEA_XX.wav
145,happy,1005_IWL_HAP_XX.wav
146,fearful,1009_IWW_FEA_XX.wav
147,happy,1019_TIE_ANG_XX.wav
148,fearful,1055_IEO_HAP_HI.wav
149,happy,1062_WSI_HAP_XX.wav
150,fearful,1023_IWL_FEA_XX.wav
151,happy,1046_DFA_FEA_XX.wav
152,happy,1016_MTI_HAP_XX.wav
153,angry,1036_TAI_ANG_XX.wav
154,fearful,1085_IEO_ANG_LO.wav
155,fearful,1026_ITS_FEA_XX.wav
156,angry,1074_WSI_ANG_XX.wav
157,happy,1062_MTI_HAP_XX.wav
158,fearful,1040_MTI_HAP_XX.wav
159,angry,1074_IWL_HAP_XX.wav
160,angry,1027_ITH_ANG_XX.wav
161,happy,1042_IEO_HAP_LO.wav
162,angry,1022_IEO_ANG_HI.wav
163,happy,1014_DFA_HAP_XX.wav
164,angry,1029_TSI_ANG_XX.wav
165,happy,1006_IEO_HAP_HI.wav
166,angry,1041_IOM_ANG_XX.wav
167,happy,1045_ITH_HAP_XX.wav
168,happy,1039_IEO_HAP_LO.wav
169,happy,1039_IOM_HAP_XX.wav
170,happy,1070_ITH_HAP_XX.wav
171,fearful,1002_DFA_FEA_XX.wav
172,fearful,1001_ITH_HAP_XX.wav
173,angry,1010_IWL_ANG_XX.wav
174,fearful,1075_WSI_FEA_XX.wav
175,fearful,1040_MTI_FEA_XX.wav
176,happy,1058_ITS_HAP_XX.wav
177,happy,1079_TSI_HAP_XX.wav
178,fearful,1062_TIE_ANG_XX.wav
179,happy,1069_IEO_ANG_LO.wav
180,happy,1031_IEO_ANG_MD.wav
181,angry,1009_TSI_HAP_XX.wav
182,angry,1047_MTI_ANG_XX.wav
183,happy,1079_MTI_FEA_XX.wav
184,angry,1044_WSI_ANG_XX.wav
185,angry,1005_IEO_ANG_HI.wav
186,fearful,1027_ITH_FEA_XX.wav
187,fearful,1091_IEO_ANG_MD.wav
188,happy,1077_TAI_HAP_XX.wav
189,happy,1002_TSI_ANG_XX.wav
190,fearful,1067_IEO_ANG_MD.wav
191,happy,1047_IEO_ANG_MD.wav
192,angry,1083_ITH_ANG_XX.wav
193,fearful,1031_TSI_FEA_XX.wav
194,happy,1017_IWL_HAP_XX.wav
195,angry,1052_IEO_ANG_MD.wav
196,fearful,1064_IWL_HAP_XX.wav
197,angry,1007_TAI_ANG_XX.wav
198,angry,1038_IEO_HAP_HI.wav
199,happy,1009_ITH_HAP_XX.wav
200,fearful,1033_IWW_FEA_XX.wav
201,happy,1068_IWL_FEA_XX.wav
202,happy,1019_TSI_HAP_XX.wav
203,angry,1040_MTI_ANG_XX.wav
204,fearful,1014_IWW_FEA_XX.wav
205,fearful,1015_IWW_ANG_XX.wav
206,fearful,1023_TSI_FEA_XX.wav
207,happy,1084_IEO_ANG_LO.wav
208,fearful,1007_TSI_HAP_XX.wav
209,fearful,1043_IEO_HAP_HI.wav
210,fearful,1024_ITS_FEA_XX.wav
211,angry,1074_ITS_ANG_XX.wav
212,fearful,1028_TIE_HAP_XX.wav
213,happy,1061_IOM_HAP_XX.wav
214,happy,1079_IWW_FEA_XX.wav
215,happy,1050_IWW_ANG_XX.wav
216,angry,1027_TIE_ANG_XX.wav
217,fearful,1044_WSI_FEA_XX.wav
218,fearful,1027_MTI_FEA_XX.wav
219,fearful,1001_ITS_FEA_XX.wav
220,fearful,1027_IEO_ANG_MD.wav
221,happy,1025_DFA_HAP_XX.wav
222,angry,1091_IEO_HAP_HI.wav
223,fearful,1080_IWW_FEA_XX.wav
224,happy,1086_WSI_FEA_XX.wav
225,fearful,1043_IEO_ANG_LO.wav
226,angry,1053_DFA_HAP_XX.wav
227,angry,1054_TAI_ANG_XX.wav
228,angry,1011_IEO_ANG_HI.wav
229,angry,1008_DFA_ANG_XX.wav
230,happy,1084_MTI_ANG_XX.wav
231,fearful,1045_IWW_FEA_XX.wav
232,angry,1047_TAI_ANG_XX.wav
233,happy,1091_ITH_ANG_XX.wav
234,happy,1072_IEO_HAP_MD.wav
235,happy,1080_MTI_HAP_XX.wav
236,angry,1059_TIE_ANG_XX.wav
237,fearful,1012_IOM_FEA_XX.wav
238,fearful,1063_DFA_FEA_XX.wav
239,angry,1023_IWL_ANG_XX.wav
240,angry,1028_WSI_ANG_XX.wav
241,happy,1024_IEO_HAP_LO.wav
242,happy,1056_DFA_HAP_XX.wav
243,happy,1078_IEO_FEA_MD.wav
244,happy,1051_IEO_FEA_LO.wav
245,happy,1085_IWW_ANG_XX.wav
246,angry,1013_DFA_ANG_XX.wav
247,happy,1042_WSI_HAP_XX.wav
248,fearful,1087_ITS_ANG_XX.wav
249,happy,1012_IWL_ANG_XX.wav
250,fearful,1091_IWW_FEA_XX.wav
251,angry,1039_DFA_HAP_XX.wav
252,fearful,1065_TSI_FEA_XX.wav
253,fearful,1007_IEO_ANG_MD.wav
254,fearful,1067_TSI_HAP_XX.wav
255,fearful,1084_IEO_FEA_LO.wav
256,fearful,1041_MTI_FEA_XX.wav
257,angry,1011_IEO_ANG_MD.wav
258,fearful,1081_ITH_FEA_XX.wav
259,fearful,1071_IEO_HAP_LO.wav
260,angry,1027_ITS_ANG_XX.wav
261,fearful,1067_WSI_FEA_XX.wav
262,angry,1032_IWL_HAP_XX.wav
263,happy,1051_IWL_HAP_XX.wav
264,happy,1044_IWW_HAP_XX.wav
265,fearful,1026_IEO_FEA_LO.wav
266,angry,1038_TAI_ANG_XX.wav
267,happy,1077_IEO_HAP_MD.wav
268,happy,1052_WSI_HAP_XX.wav
269,happy,1014_MTI_HAP_XX.wav
270,fearful,1004_ITH_FEA_XX.wav
271,angry,1074_ITH_ANG_XX.wav
272,happy,1034_TIE_HAP_XX.wav
273,angry,1048_IEO_ANG_LO.wav
274,fearful,1084_IWW_FEA_XX.wav
275,angry,1001_IEO_FEA_MD.wav
276,angry,1036_MTI_HAP_XX.wav
277,fearful,1080_IEO_FEA_MD.wav
278,happy,1046_IOM_ANG_XX.wav
279,fearful,1008_IWL_FEA_XX.wav
280,fearful,1030_IEO_HAP_HI.wav
281,fearful,1020_IWW_FEA_XX.wav
282,happy,1086_IEO_FEA_LO.wav
283,angry,1086_IEO_FEA_HI.wav
284,fearful,1083_IOM_FEA_XX.wav
285,happy,1086_MTI_HAP_XX.wav
286,fearful,1011_IEO_FEA_HI.wav
287,happy,1087_MTI_ANG_XX.wav
288,fearful,1058_TSI_FEA_XX.wav
289,fearful,1024_DFA_FEA_XX.wav
290,happy,1060_IWW_HAP_XX.wav
291,angry,1005_DFA_FEA_XX.wav
292,angry,1052_ITH_ANG_XX.wav
293,fearful,1028_IOM_FEA_XX.wav
294,happy,1056_ITH_HAP_XX.wav
295,happy,1045_IOM_ANG_XX.wav
296,fearful,1053_TSI_FEA_XX.wav
297,happy,1061_IWL_FEA_XX.wav
298,fearful,1066_ITS_FEA_XX.wav
299,fearful,1003_ITH_FEA_XX.wav
300,fearful,1035_WSI_FEA_XX.wav
301,happy,1057_TSI_HAP_XX.wav
302,fearful,1040_ITH_FEA_XX.wav
303,happy,1003_TSI_FEA_XX.wav
304,angry,1037_MTI_ANG_XX.wav
305,happy,1001_MTI_HAP_XX.wav
306,fearful,1008_IWL_ANG_XX.wav
307,angry,1005_TAI_ANG_XX.wav
308,fearful,1035_ITS_FEA_XX.wav
309,fearful,1027_IEO_FEA_MD.wav
310,happy,1044_IOM_FEA_XX.wav
311,angry,1056_WSI_ANG_XX.wav
312,fearful,1057_ITS_FEA_XX.wav
313,fearful,1053_TSI_ANG_XX.wav
314,happy,1019_IWW_ANG_XX.wav
315,happy,1066_IEO_HAP_LO.wav
316,happy,1016_IWW_HAP_XX.wav
317,happy,1090_WSI_ANG_XX.wav
318,happy,1017_IWL_FEA_XX.wav
319,angry,1015_DFA_ANG_XX.wav
320,happy,1002_WSI_HAP_XX.wav
321,angry,1041_IWW_ANG_XX.wav
322,fearful,1011_IWW_FEA_XX.wav
323,angry,1073_TIE_ANG_XX.wav
324,happy,1057_TIE_FEA_XX.wav
325,happy,1063_ITS_HAP_XX.wav
326,happy,1084_IEO_HAP_MD.wav
327,fearful,1044_MTI_FEA_XX.wav
328,happy,1042_TSI_ANG_XX.wav
329,angry,1037_ITS_ANG_XX.wav
330,fearful,1037_DFA_FEA_XX.wav
331,happy,1026_DFA_HAP_XX.wav
332,angry,1013_ITH_ANG_XX.wav
333,happy,1091_IOM_ANG_XX.wav
334,happy,1072_DFA_ANG_XX.wav
335,angry,1035_ITS_ANG_XX.wav
336,happy,1042_WSI_ANG_XX.wav
337,fearful,1048_IEO_FEA_LO.wav
338,angry,1065_IOM_ANG_XX.wav
339,fearful,1041_IEO_FEA_LO.wav
340,fearful,1079_IEO_FEA_MD.wav
341,happy,1043_MTI_ANG_XX.wav
342,fearful,1058_ITH_FEA_XX.wav
343,happy,1044_MTI_HAP_XX.wav
344,angry,1010_MTI_ANG_XX.wav
345,angry,1038_IEO_ANG_LO.wav
346,angry,1027_IWL_ANG_XX.wav
347,fearful,1034_IEO_FEA_LO.wav
348,happy,1070_IWW_FEA_XX.wav
349,angry,1051_TIE_ANG_XX.wav
350,fearful,1066_TAI_FEA_XX.wav
351,happy,1024_MTI_FEA_XX.wav
352,happy,1031_ITS_ANG_XX.wav
353,happy,1020_IEO_FEA_MD.wav
354,happy,1008_TSI_FEA_XX.wav
355,fearful,1057_IWW_HAP_XX.wav
356,happy,1018_TAI_FEA_XX.wav
357,angry,1053_DFA_FEA_XX.wav
358,happy,1065_ITS_HAP_XX.wav
359,fearful,1071_ITH_FEA_XX.wav
360,angry,1005_IOM_ANG_XX.wav
361,happy,1041_IEO_FEA_HI.wav
362,fearful,1004_IWW_HAP_XX.wav
363,angry,1044_IEO_ANG_HI.wav
364,fearful,1080_IEO_ANG_LO.wav
365,angry,1005_ITH_ANG_XX.wav
366,happy,1082_MTI_HAP_XX.wav
367,angry,1014_MTI_ANG_XX.wav
368,fearful,1037_MTI_FEA_XX.wav
369,fearful,1042_MTI_FEA_XX.wav
370,angry,1052_DFA_HAP_XX.wav
371,angry,1055_IWL_ANG_XX.wav
372,angry,1028_IWW_ANG_XX.wav
373,happy,1031_ITH_ANG_XX.wav
374,happy,1072_TAI_HAP_XX.wav
375,happy,1004_IEO_HAP_LO.wav
376,fearful,1026_MTI_FEA_XX.wav
377,angry,1030_ITH_ANG_XX.wav
378,happy,1060_TAI_FEA_XX.wav
379,happy,1008_IWW_HAP_XX.wav
380,happy,1056_IEO_HAP_HI.wav
381,happy,1047_TSI_ANG_XX.wav
382,happy,1064_IEO_HAP_LO.wav
383,fearful,1083_TIE_FEA_XX.wav
384,angry,1016_IWL_FEA_XX.wav
385,fearful,1055_IWL_FEA_XX.wav
386,fearful,1012_IWW_FEA_XX.wav
387,fearful,1054_TSI_FEA_XX.wav
388,angry,1080_DFA_ANG_XX.wav
389,angry,1069_IEO_FEA_HI.wav
390,fearful,1013_TSI_FEA_XX.wav
391,happy,1089_IWW_HAP_XX.wav
392,angry,1023_TIE_ANG_XX.wav
393,fearful,1035_TSI_FEA_XX.wav
394,fearful,1063_TSI_HAP_XX.wav
395,fearful,1088_TSI_FEA_XX.wav
396,happy,1025_IWW_HAP_XX.wav
397,happy,1050_IOM_HAP_XX.wav
398,happy,1086_IOM_FEA_XX.wav
399,happy,1055_TIE_HAP_XX.wav
400,angry,1027_IEO_FEA_HI.wav
401,angry,1043_TAI_ANG_XX.wav
402,fearful,1063_IEO_ANG_HI.wav
403,fearful,1029_IEO_FEA_LO.wav
404,angry,1052_TAI_HAP_XX.wav
405,fearful,1018_IEO_HAP_LO.wav
406,fearful,1085_MTI_FEA_XX.wav
407,angry,1081_IEO_HAP_HI.wav
408,fearful,1080_MTI_FEA_XX.wav
409,happy,1047_IEO_HAP_LO.wav
410,fearful,1085_IWL_FEA_XX.wav
411,angry,1006_IWL_ANG_XX.wav
412,happy,1034_IWW_FEA_XX.wav
413,fearful,1088_TSI_HAP_XX.wav
414,fearful,1069_IEO_FEA_LO.wav
415,happy,1001_DFA_HAP_XX.wav
416,angry,1001_IEO_ANG_MD.wav
417,happy,1082_ITH_HAP_XX.wav
418,angry,1065_TSI_ANG_XX.wav
419,happy,1031_TIE_ANG_XX.wav
420,fearful,1079_IOM_FEA_XX.wav
421,happy,1052_TSI_FEA_XX.wav
422,angry,1014_DFA_FEA_XX.wav
423,happy,1059_WSI_FEA_XX.wav
424,angry,1026_IOM_ANG_XX.wav
425,fearful,1064_MTI_FEA_XX.wav
426,happy,1074_ITH_HAP_XX.wav
427,fearful,1025_MTI_FEA_XX.wav
428,angry,1050_TIE_ANG_XX.wav
429,angry,1059_IOM_ANG_XX.wav
430,happy,1002_DFA_HAP_XX.wav
431,angry,1043_DFA_ANG_XX.wav
432,happy,1003_ITH_HAP_XX.wav
433,happy,1031_IOM_ANG_XX.wav
434,happy,1038_IEO_HAP_LO.wav
435,fearful,1057_WSI_FEA_XX.wav
436,happy,1040_IWW_ANG_XX.wav
437,fearful,1085_IWW_FEA_XX.wav
438,angry,1068_IWW_ANG_XX.wav
439,fearful,1035_MTI_FEA_XX.wav
440,angry,1026_TIE_FEA_XX.wav
441,fearful,1025_ITH_FEA_XX.wav
442,happy,1060_ITH_FEA_XX.wav
443,happy,1065_ITH_HAP_XX.wav
444,happy,1030_TIE_HAP_XX.wav
445,happy,1062_DFA_HAP_XX.wav
446,fearful,1022_TSI_FEA_XX.wav
447,fearful,1004_IWL_FEA_XX.wav
448,angry,1023_WSI_ANG_XX.wav
449,happy,1022_ITS_HAP_XX.wav
450,happy,1018_ITS_HAP_XX.wav
451,angry,1023_TSI_ANG_XX.wav
452,happy,1020_ITH_ANG_XX.wav
453,angry,1050_IEO_ANG_MD.wav
454,angry,1005_DFA_ANG_XX.wav
455,fearful,1041_TSI_HAP_XX.wav
456,angry,1023_IEO_ANG_HI.wav
457,fearful,1016_IEO_FEA_LO.wav
458,angry,1057_TIE_HAP_XX.wav
459,angry,1066_TSI_ANG_XX.wav
460,happy,1034_DFA_HAP_XX.wav
461,angry,1063_IWL_ANG_XX.wav
462,happy,1025_TSI_ANG_XX.wav
463,fearful,1068_IWW_FEA_XX.wav
464,happy,1058_IOM_ANG_XX.wav
465,fearful,1042_IEO_ANG_MD.wav
466,angry,1069_TAI_HAP_XX.wav
467,fearful,1057_IWW_ANG_XX.wav
468,fearful,1070_MTI_FEA_XX.wav
469,happy,1076_IWL_HAP_XX.wav
470,happy,1090_TSI_ANG_XX.wav
471,happy,1058_TSI_HAP_XX.wav
472,happy,1020_IEO_FEA_LO.wav
473,happy,1056_ITS_HAP_XX.wav
474,fearful,1031_TAI_HAP_XX.wav
475,angry,1033_IOM_ANG_XX.wav
476,fearful,1064_ITH_FEA_XX.wav
477,fearful,1035_TAI_FEA_XX.wav
478,angry,1077_ITS_ANG_XX.wav
479,happy,1034_IOM_FEA_XX.wav
480,happy,1040_DFA_HAP_XX.wav
481,happy,1014_ITS_HAP_XX.wav
482,fearful,1085_MTI_HAP_XX.wav
483,angry,1035_TIE_ANG_XX.wav
484,angry,1036_IEO_FEA_HI.wav
485,happy,1090_ITH_ANG_XX.wav
486,fearful,1043_IOM_FEA_XX.wav
487,fearful,1075_IOM_FEA_XX.wav
488,angry,1089_TIE_ANG_XX.wav
489,happy,1064_IOM_HAP_XX.wav
490,happy,1002_ITS_FEA_XX.wav
491,happy,1002_TSI_HAP_XX.wav
492,happy,1090_IEO_FEA_HI.wav
493,fearful,1040_IWW_FEA_XX.wav
494,happy,1081_IOM_ANG_XX.wav
495,angry,1040_WSI_ANG_XX.wav
496,angry,1056_IEO_FEA_HI.wav
497,fearful,1076_MTI_FEA_XX.wav
498,angry,1013_ITH_HAP_XX.wav
499,angry,1039_TAI_HAP_XX.wav
500,fearful,1007_IWW_FEA_XX.wav
501,fearful,1026_TAI_FEA_XX.wav
502,fearful,1064_ITS_FEA_XX.wav
503,happy,1009_WSI_HAP_XX.wav
504,happy,1020_TAI_HAP_XX.wav
505,fearful,1066_ITH_FEA_XX.wav
506,fearful,1057_IWW_FEA_XX.wav
507,happy,1045_ITH_ANG_XX.wav
508,fearful,1021_WSI_ANG_XX.wav
509,fearful,1019_ITS_FEA_XX.wav
510,angry,1018_ITH_ANG_XX.wav
511,happy,1028_DFA_HAP_XX.wav
512,happy,1071_DFA_ANG_XX.wav
513,angry,1032_IWW_ANG_XX.wav
514,fearful,1082_IEO_HAP_LO.wav
515,fearful,1062_DFA_FEA_XX.wav
516,fearful,1054_MTI_FEA_XX.wav
517,fearful,1013_MTI_FEA_XX.wav
518,happy,1018_TSI_HAP_XX.wav
519,happy,1003_IWW_HAP_XX.wav
520,happy,1070_IEO_ANG_LO.wav
521,happy,1024_IWL_ANG_XX.wav
522,happy,1030_IWW_HAP_XX.wav
523,happy,1045_IEO_HAP_LO.wav
524,angry,1022_ITS_ANG_XX.wav
525,fearful,1081_IWL_FEA_XX.wav
526,angry,1006_DFA_ANG_XX.wav
527,angry,1066_WSI_ANG_XX.wav
528,happy,1055_IWW_ANG_XX.wav
529,happy,1005_IEO_HAP_MD.wav
530,happy,1057_MTI_FEA_XX.wav
531,happy,1053_IWW_HAP_XX.wav
532,angry,1068_DFA_HAP_XX.wav
533,fearful,1032_IEO_HAP_LO.wav
534,fearful,1049_IEO_HAP_HI.wav
535,angry,1061_TSI_ANG_XX.wav
536,happy,1083_TIE_HAP_XX.wav
537,fearful,1082_WSI_FEA_XX.wav
538,fearful,1021_MTI_FEA_XX.wav
539,fearful,1010_IWW_FEA_XX.wav
540,happy,1034_TIE_FEA_XX.wav
541,fearful,1091_ITS_FEA_XX.wav
542,happy,1001_IEO_HAP_MD.wav
543,happy,1063_IEO_FEA_HI.wav
544,happy,1064_IEO_FEA_LO.wav
545,happy,1066_IEO_ANG_LO.wav
546,fearful,1022_IEO_FEA_HI.wav
547,angry,1035_IEO_HAP_MD.wav
548,happy,1076_IWL_ANG_XX.wav
549,happy,1016_TIE_ANG_XX.wav
550,happy,1079_MTI_HAP_XX.wav
551,angry,1077_MTI_ANG_XX.wav
552,fearful,1007_MTI_ANG_XX.wav
553,fearful,1073_DFA_FEA_XX.wav
554,angry,1013_IEO_FEA_HI.wav
555,angry,1065_TAI_ANG_XX.wav
556,fearful,1065_ITS_FEA_XX.wav
557,fearful,1032_TSI_HAP_XX.wav
558,angry,1034_IEO_FEA_HI.wav
559,angry,1032_IEO_ANG_HI.wav
560,happy,1055_IEO_ANG_MD.wav
561,fearful,1067_TAI_HAP_XX.wav
562,happy,1088_IOM_HAP_XX.wav
563,fearful,1003_IWW_FEA_XX.wav
564,happy,1018_ITH_FEA_XX.wav
565,angry,1036_ITH_HAP_XX.wav
566,fearful,1068_MTI_FEA_XX.wav
567,angry,1046_IEO_ANG_HI.wav
568,happy,1008_IWW_FEA_XX.wav
569,angry,1033_IEO_ANG_HI.wav
570,happy,1029_IWL_FEA_XX.wav
571,fearful,1011_IOM_FEA_XX.wav
572,happy,1018_IWW_ANG_XX.wav
573,happy,1059_IEO_HAP_HI.wav
574,happy,1089_IWL_HAP_XX.wav
575,happy,1076_TSI_HAP_XX.wav
576,fearful,1027_TAI_HAP_XX.wav
577,angry,1013_IEO_ANG_LO.wav
578,angry,1001_TAI_HAP_XX.wav
579,angry,1066_IEO_ANG_HI.wav
580,happy,1002_IOM_FEA_XX.wav
581,happy,1054_TIE_FEA_XX.wav
582,angry,1072_IOM_ANG_XX.wav
583,angry,1072_TIE_HAP_XX.wav
584,angry,1045_IWL_ANG_XX.wav
585,happy,1029_IWW_HAP_XX.wav
586,angry,1044_ITS_ANG_XX.wav
587,happy,1083_IEO_HAP_MD.wav
588,fearful,1010_TIE_FEA_XX.wav
589,fearful,1027_ITS_HAP_XX.wav
590,fearful,1007_WSI_FEA_XX.wav
591,angry,1026_MTI_ANG_XX.wav
592,fearful,1064_MTI_ANG_XX.wav
593,happy,1072_ITH_HAP_XX.wav
594,angry,1059_ITH_ANG_XX.wav
595,happy,1057_IOM_HAP_XX.wav
596,fearful,1034_IEO_ANG_LO.wav
597,happy,1031_TAI_ANG_XX.wav
598,happy,1034_IEO_ANG_MD.wav
599,happy,1008_ITH_FEA_XX.wav
600,happy,1012_TSI_HAP_XX.wav
601,fearful,1015_ITH_FEA_XX.wav
602,happy,1056_IOM_HAP_XX.wav
603,angry,1058_WSI_ANG_XX.wav
604,happy,1013_DFA_HAP_XX.wav
605,fearful,1026_ITH_FEA_XX.wav
606,fearful,1009_IEO_FEA_MD.wav
607,happy,1043_TAI_HAP_XX.wav
608,fearful,1091_ITH_FEA_XX.wav
609,happy,1047_ITH_ANG_XX.wav
610,fearful,1075_IEO_HAP_MD.wav
611,happy,1080_IEO_HAP_MD.wav
612,happy,1042_IWW_ANG_XX.wav
613,happy,1050_ITS_HAP_XX.wav
614,happy,1045_IWW_HAP_XX.wav
615,fearful,1057_IWL_HAP_XX.wav
616,angry,1021_IOM_ANG_XX.wav
617,fearful,1023_TIE_HAP_XX.wav
618,fearful,1060_IEO_FEA_MD.wav
619,angry,1083_IEO_ANG_MD.wav
620,fearful,1083_IWL_FEA_XX.wav
621,angry,1085_MTI_ANG_XX.wav
622,happy,1058_MTI_FEA_XX.wav
623,happy,1077_IWW_HAP_XX.wav
624,happy,1037_IEO_HAP_MD.wav
625,happy,1022_MTI_HAP_XX.wav
626,happy,1043_ITS_HAP_XX.wav
627,happy,1070_IWL_HAP_XX.wav
628,angry,1028_ITH_ANG_XX.wav
629,happy,1045_WSI_HAP_XX.wav
630,fearful,1012_IEO_HAP_LO.wav
631,fearful,1073_ITH_FEA_XX.wav
632,happy,1056_TIE_HAP_XX.wav
633,fearful,1009_IOM_FEA_XX.wav
634,angry,1060_TIE_ANG_XX.wav
635,happy,1086_TIE_FEA_XX.wav
636,fearful,1013_IEO_FEA_LO.wav
637,fearful,1054_ITH_FEA_XX.wav
638,happy,1042_IEO_HAP_MD.wav
639,fearful,1088_IEO_FEA_HI.wav
640,fearful,1090_ITS_FEA_XX.wav
641,angry,1013_MTI_HAP_XX.wav
642,fearful,1064_IWW_HAP_XX.wav
643,happy,1010_ITS_FEA_XX.wav
644,fearful,1067_TSI_FEA_XX.wav
645,fearful,1014_TSI_ANG_XX.wav
646,happy,1041_TAI_HAP_XX.wav
647,fearful,1029_IWW_FEA_XX.wav
648,angry,1079_IOM_ANG_XX.wav
649,angry,1085_TAI_ANG_XX.wav
650,happy,1036_IEO_HAP_MD.wav
651,happy,1024_DFA_ANG_XX.wav
652,happy,1052_IEO_FEA_HI.wav
653,angry,1014_IOM_ANG_XX.wav
654,angry,1056_IWL_ANG_XX.wav
655,angry,1030_TIE_ANG_XX.wav
656,happy,1074_IEO_HAP_MD.wav
657,happy,1029_IEO_ANG_LO.wav
658,fearful,1067_IWL_FEA_XX.wav
659,fearful,1087_ITS_HAP_XX.wav
660,fearful,1007_TSI_FEA_XX.wav
661,happy,1070_DFA_HAP_XX.wav
662,happy,1037_TIE_HAP_XX.wav
663,happy,1078_TAI_FEA_XX.wav
664,angry,1090_IEO_ANG_MD.wav
665,angry,1037_IEO_HAP_HI.wav
666,fearful,1064_ITS_HAP_XX.wav
667,happy,1019_TAI_HAP_XX.wav
668,fearful,1041_IEO_HAP_MD.wav
669,fearful,1040_ITH_HAP_XX.wav
670,angry,1074_DFA_HAP_XX.wav
671,happy,1078_TIE_HAP_XX.wav
672,happy,1030_ITH_HAP_XX.wav
673,happy,1028_IWW_HAP_XX.wav
674,happy,1075_IWW_HAP_XX.wav
675,happy,1001_ITS_HAP_XX.wav
676,happy,1009_IEO_ANG_HI.wav
677,fearful,1027_TSI_HAP_XX.wav
678,angry,1001_TSI_ANG_XX.wav
679,fearful,1073_IOM_HAP_XX.wav
680,fearful,1074_IWW_FEA_XX.wav
681,happy,1010_ITH_FEA_XX.wav
682,happy,1034_ITH_HAP_XX.wav
683,fearful,1044_TIE_FEA_XX.wav
684,fearful,1068_TSI_FEA_XX.wav
685,angry,1088_IEO_ANG_MD.wav
686,happy,1061_IEO_HAP_HI.wav
687,happy,1076_IEO_HAP_LO.wav
688,happy,1088_ITH_ANG_XX.wav
689,angry,1008_ITH_ANG_XX.wav
690,fearful,1078_TIE_FEA_XX.wav
691,angry,1030_ITS_ANG_XX.wav
692,fearful,1025_IEO_FEA_LO.wav
693,fearful,1037_IEO_ANG_HI.wav
694,angry,1022_TAI_ANG_XX.wav
695,fearful,1054_IEO_HAP_HI.wav
696,fearful,1012_ITS_FEA_XX.wav
697,happy,1079_DFA_HAP_XX.wav
698,happy,1072_IWW_HAP_XX.wav
699,happy,1063_IEO_HAP_LO.wav
700,happy,1004_IWW_ANG_XX.wav
701,happy,1064_TAI_HAP_XX.wav
702,happy,1061_TAI_HAP_XX.wav
703,happy,1004_IWL_HAP_XX.wav
704,angry,1044_MTI_ANG_XX.wav
705,happy,1014_IWL_HAP_XX.wav
706,happy,1043_ITH_ANG_XX.wav
707,angry,1014_IEO_FEA_HI.wav
708,angry,1074_TIE_ANG_XX.wav
709,angry,1032_DFA_ANG_XX.wav
710,angry,1014_TIE_HAP_XX.wav
711,happy,1016_ITH_FEA_XX.wav
712,happy,1032_MTI_ANG_XX.wav
713,happy,1068_IWL_HAP_XX.wav
714,fearful,1091_ITS_HAP_XX.wav
715,angry,1050_IOM_ANG_XX.wav
716,fearful,1015_IEO_FEA_MD.wav
717,happy,1006_IEO_HAP_LO.wav
718,fearful,1010_IOM_HAP_XX.wav
719,angry,1013_TIE_ANG_XX.wav
720,angry,1041_ITS_ANG_XX.wav
721,angry,1035_IWL_ANG_XX.wav
722,fearful,1026_TSI_HAP_XX.wav
723,fearful,1037_IEO_FEA_LO.wav
724,angry,1043_WSI_ANG_XX.wav
725,happy,1038_IWW_HAP_XX.wav
726,angry,1026_ITS_ANG_XX.wav
727,angry,1088_IOM_ANG_XX.wav
728,fearful,1012_IEO_ANG_LO.wav
729,fearful,1028_TSI_HAP_XX.wav
730,happy,1021_IOM_HAP_XX.wav
731,happy,1034_ITH_FEA_XX.wav
732,happy,1051_ITS_HAP_XX.wav
733,angry,1073_IEO_HAP_LO.wav
734,happy,1072_TIE_FEA_XX.wav
735,fearful,1007_TIE_ANG_XX.wav
736,angry,1071_IEO_ANG_MD.wav
737,angry,1035_IOM_ANG_XX.wav
738,happy,1044_IEO_HAP_MD.wav
739,angry,1068_IEO_HAP_HI.wav
740,angry,1011_IWL_ANG_XX.wav
741,angry,1047_DFA_HAP_XX.wav
742,angry,1021_IWL_ANG_XX.wav
743,fearful,1060_TSI_FEA_XX.wav
744,fearful,1025_TAI_ANG_XX.wav
745,fearful,1032_IOM_HAP_XX.wav
746,happy,1086_MTI_ANG_XX.wav
747,happy,1087_WSI_HAP_XX.wav
748,happy,1084_IWL_ANG_XX.wav
749,angry,1054_IEO_ANG_HI.wav
750,fearful,1084_IEO_ANG_MD.wav
751,angry,1080_WSI_ANG_XX.wav
752,happy,1021_IEO_HAP_LO.wav
753,happy,1078_TSI_ANG_XX.wav
754,angry,1085_ITS_ANG_XX.wav
755,angry,1062_TSI_ANG_XX.wav
756,fearful,1011_ITH_FEA_XX.wav
757,angry,1050_IEO_ANG_HI.wav
758,happy,1034_ITS_HAP_XX.wav
759,angry,1036_WSI_HAP_XX.wav
760,fearful,1071_IOM_FEA_XX.wav
761,fearful,1076_IOM_FEA_XX.wav
762,happy,1038_TAI_HAP_XX.wav
763,happy,1012_ITH_FEA_XX.wav
764,happy,1055_IWL_HAP_XX.wav
765,fearful,1023_IEO_ANG_MD.wav
766,happy,1008_TSI_ANG_XX.wav
767,happy,1052_IWW_ANG_XX.wav
768,happy,1054_ITS_HAP_XX.wav
769,fearful,1048_TIE_HAP_XX.wav
770,fearful,1012_IEO_FEA_LO.wav
771,angry,1016_ITH_ANG_XX.wav
772,happy,1011_IEO_HAP_HI.wav
773,happy,1045_ITS_HAP_XX.wav
774,fearful,1083_IEO_FEA_LO.wav
775,angry,1081_ITH_HAP_XX.wav
776,angry,1079_MTI_ANG_XX.wav
777,fearful,1083_MTI_ANG_XX.wav
778,fearful,1081_IEO_FEA_HI.wav
779,fearful,1010_IWW_HAP_XX.wav
780,angry,1051_TAI_FEA_XX.wav
781,happy,1025_WSI_ANG_XX.wav
782,fearful,1069_DFA_FEA_XX.wav
783,happy,1047_TSI_HAP_XX.wav
784,fearful,1091_IWW_HAP_XX.wav
785,fearful,1048_DFA_FEA_XX.wav
786,fearful,1053_ITH_FEA_XX.wav
787,happy,1023_ITS_HAP_XX.wav
788,happy,1087_IOM_HAP_XX.wav
789,fearful,1054_MTI_ANG_XX.wav
790,happy,1012_IEO_HAP_HI.wav
791,happy,1062_TIE_HAP_XX.wav
792,angry,1018_DFA_ANG_XX.wav
793,happy,1086_IWW_HAP_XX.wav
794,fearful,1063_TIE_FEA_XX.wav
795,angry,1053_TAI_FEA_XX.wav
796,happy,1050_WSI_HAP_XX.wav
797,happy,1032_TIE_HAP_XX.wav
798,happy,1032_IWL_FEA_XX.wav
799,happy,1028_ITS_HAP_XX.wav
800,fearful,1028_ITS_FEA_XX.wav
801,happy,1064_ITH_HAP_XX.wav
802,fearful,1044_DFA_FEA_XX.wav
803,angry,1008_IEO_FEA_HI.wav
804,angry,1029_TAI_ANG_XX.wav
805,happy,1020_MTI_ANG_XX.wav
806,happy,1032_TAI_HAP_XX.wav
807,angry,1018_TIE_ANG_XX.wav
808,fearful,1056_ITS_FEA_XX.wav
809,happy,1079_IEO_HAP_LO.wav
810,happy,1028_ITH_HAP_XX.wav
811,fearful,1030_TIE_FEA_XX.wav
812,happy,1078_DFA_HAP_XX.wav
813,fearful,1088_IWL_HAP_XX.wav
814,happy,1024_ITS_ANG_XX.wav
815,angry,1020_IEO_ANG_HI.wav
816,happy,1027_ITH_HAP_XX.wav
817,happy,1001_IWL_HAP_XX.wav
818,happy,1047_ITH_FEA_XX.wav
819,fearful,1091_ITS_ANG_XX.wav
820,happy,1011_ITS_ANG_XX.wav
821,happy,1084_WSI_HAP_XX.wav
822,happy,1004_IOM_HAP_XX.wav
823,angry,1030_TAI_ANG_XX.wav
824,happy,1054_ITH_HAP_XX.wav
825,angry,1048_IEO_ANG_HI.wav
826,fearful,1087_IEO_ANG_LO.wav
827,fearful,1039_MTI_FEA_XX.wav
828,fearful,1087_TSI_HAP_XX.wav
829,angry,1068_TIE_ANG_XX.wav
830,happy,1035_ITH_HAP_XX.wav
831,happy,1088_DFA_ANG_XX.wav
832,happy,1024_MTI_ANG_XX.wav
833,fearful,1012_MTI_HAP_XX.wav
834,angry,1067_ITH_ANG_XX.wav
835,fearful,1084_TSI_HAP_XX.wav
836,angry,1014_TAI_ANG_XX.wav
837,fearful,1091_MTI_FEA_XX.wav
838,happy,1085_IOM_HAP_XX.wav
839,happy,1054_TIE_ANG_XX.wav
840,angry,1016_IEO_ANG_HI.wav
841,fearful,1037_IOM_FEA_XX.wav
842,happy,1040_WSI_HAP_XX.wav
843,angry,1052_TAI_FEA_XX.wav
844,angry,1086_TIE_ANG_XX.wav
845,angry,1039_TSI_HAP_XX.wav
846,fearful,1010_MTI_FEA_XX.wav
847,fearful,1072_IWL_FEA_XX.wav
848,happy,1078_IWW_HAP_XX.wav
849,happy,1077_ITH_FEA_XX.wav
850,fearful,1085_IEO_FEA_LO.wav
851,happy,1065_DFA_HAP_XX.wav
852,angry,1051_IWL_ANG_XX.wav
853,angry,1029_IWL_ANG_XX.wav
854,happy,1077_TIE_FEA_XX.wav
855,fearful,1088_IEO_HAP_MD.wav
856,fearful,1047_MTI_FEA_XX.wav
857,happy,1078_IWW_ANG_XX.wav
858,fearful,1069_ITH_FEA_XX.wav
859,fearful,1015_MTI_ANG_XX.wav
860,fearful,1041_TIE_FEA_XX.wav
861,angry,1042_IEO_ANG_HI.wav
862,angry,1049_IOM_ANG_XX.wav
863,angry,1036_WSI_ANG_XX.wav
864,fearful,1051_ITS_FEA_XX.wav
865,angry,1009_TIE_ANG_XX.wav
866,happy,1053_IOM_HAP_XX.wav
867,fearful,1027_TIE_FEA_XX.wav
868,happy,1051_TIE_HAP_XX.wav
869,angry,1035_IWW_ANG_XX.wav
870,fearful,1009_IEO_FEA_HI.wav
871,angry,1073_MTI_HAP_XX.wav
872,fearful,1081_IEO_HAP_LO.wav
873,fearful,1030_IEO_FEA_LO.wav
874,happy,1076_IOM_HAP_XX.wav
875,happy,1082_ITH_ANG_XX.wav
876,happy,1017_ITH_FEA_XX.wav
877,happy,1042_IEO_FEA_MD.wav
878,fearful,1022_IOM_FEA_XX.wav
879,fearful,1068_IEO_FEA_MD.wav
880,fearful,1059_MTI_HAP_XX.wav
881,happy,1045_TIE_FEA_XX.wav
882,happy,1031_IWW_ANG_XX.wav
883,fearful,1072_IEO_ANG_MD.wav
884,fearful,1042_IEO_FEA_HI.wav
885,fearful,1067_IOM_ANG_XX.wav
886,fearful,1042_IEO_FEA_LO.wav
887,happy,1078_ITS_FEA_XX.wav
888,angry,1048_TSI_ANG_XX.wav
889,fearful,1038_IEO_FEA_LO.wav
890,fearful,1068_WSI_FEA_XX.wav
891,angry,1003_MTI_HAP_XX.wav
892,happy,1038_DFA_FEA_XX.wav
893,angry,1033_IEO_HAP_HI.wav
894,angry,1059_IWW_FEA_XX.wav
895,happy,1061_IWL_HAP_XX.wav
896,fearful,1019_TSI_ANG_XX.wav
897,fearful,1040_ITS_FEA_XX.wav
898,fearful,1014_IEO_FEA_MD.wav
899,angry,1005_IEO_FEA_HI.wav
900,angry,1015_IEO_FEA_HI.wav
901,happy,1058_IWL_HAP_XX.wav
902,fearful,1068_IOM_FEA_XX.wav
903,happy,1078_WSI_ANG_XX.wav
904,happy,1005_IWW_HAP_XX.wav
905,fearful,1041_IWL_ANG_XX.wav
906,happy,1018_WSI_FEA_XX.wav
907,happy,1078_IEO_HAP_MD.wav
908,fearful,1091_IEO_HAP_MD.wav
909,angry,1089_ITS_ANG_XX.wav
910,angry,1052_DFA_ANG_XX.wav
911,fearful,1030_TAI_FEA_XX.wav
912,happy,1012_ITS_HAP_XX.wav
913,happy,1054_WSI_HAP_XX.wav
914,happy,1042_MTI_ANG_XX.wav
915,happy,1077_IWL_HAP_XX.wav
916,happy,1090_MTI_ANG_XX.wav
917,happy,1033_IEO_FEA_MD.wav
918,fearful,1003_MTI_FEA_XX.wav
919,fearful,1029_IEO_ANG_MD.wav
920,happy,1065_MTI_HAP_XX.wav
921,happy,1026_ITS_HAP_XX.wav
922,happy,1062_IWW_HAP_XX.wav
923,angry,1037_IWL_HAP_XX.wav
924,angry,1072_IEO_ANG_LO.wav
925,fearful,1063_MTI_FEA_XX.wav
926,angry,1042_DFA_ANG_XX.wav
927,fearful,1025_WSI_FEA_XX.wav
928,fearful,1086_IWW_FEA_XX.wav
929,angry,1015_IEO_ANG_HI.wav
930,happy,1061_WSI_HAP_XX.wav
931,angry,1002_WSI_ANG_XX.wav
932,happy,1032_TSI_FEA_XX.wav
933,fearful,1004_IWW_FEA_XX.wav
934,fearful,1050_TAI_FEA_XX.wav
935,happy,1077_DFA_HAP_XX.wav
936,fearful,1037_TAI_FEA_XX.wav
937,fearful,1011_IOM_HAP_XX.wav
938,angry,1057_TAI_ANG_XX.wav
939,fearful,1043_IEO_ANG_MD.wav
940,angry,1055_TIE_ANG_XX.wav
941,happy,1012_ITH_HAP_XX.wav
942,happy,1006_WSI_HAP_XX.wav
943,angry,1013_TSI_ANG_XX.wav
944,happy,1034_TIE_ANG_XX.wav
945,happy,1026_IWL_HAP_XX.wav
946,happy,1066_IOM_ANG_XX.wav
947,happy,1016_TSI_HAP_XX.wav
948,fearful,1059_IEO_HAP_LO.wav
949,angry,1079_IEO_HAP_HI.wav
950,happy,1033_MTI_HAP_XX.wav
951,fearful,1010_IOM_ANG_XX.wav
952,fearful,1036_IOM_FEA_XX.wav
953,fearful,1006_DFA_FEA_XX.wav
